{
  "metrics": {
    "iteration_duration": {
      "type": "trend",
      "contains": "time",
      "values": {
        "max": 7498.7129,
        "p(90)": 6857.63054,
        "p(95)": 6928.762335,
        "avg": 6554.937180000002,
        "min": 5997.1697,
        "med": 6504.9426
      }
    },
    "http_req_connecting": {
      "contains": "time",
      "values": {
        "med": 0,
        "max": 153.2735,
        "p(90)": 0,
        "p(95)": 0,
        "avg": 0.6037047034764826,
        "min": 0
      },
      "type": "trend"
    },
    "http_req_waiting": {
      "values": {
        "avg": 195.1650100886166,
        "min": 157.5129,
        "med": 188.9256,
        "max": 724.2309,
        "p(90)": 222.33042000000003,
        "p(95)": 237.91247
      },
      "type": "trend",
      "contains": "time"
    },
    "http_req_duration{name:status}": {
      "type": "trend",
      "contains": "time",
      "values": {
        "avg": 243.29685230769232,
        "min": 204.3537,
        "med": 233.1915,
        "max": 350.2994,
        "p(90)": 285.25886,
        "p(95)": 308.8003
      },
      "thresholds": {
        "p(95)<10000": {
          "ok": true
        }
      }
    },
    "http_req_tls_handshaking": {
      "contains": "time",
      "values": {
        "avg": 0,
        "min": 0,
        "med": 0,
        "max": 0,
        "p(90)": 0,
        "p(95)": 0
      },
      "type": "trend"
    },
    "vus": {
      "type": "gauge",
      "contains": "default",
      "values": {
        "value": 5,
        "min": 0,
        "max": 5
      }
    },
    "group_duration": {
      "contains": "time",
      "values": {
        "avg": 659.0384468181825,
        "min": 160.2824,
        "med": 492.5762,
        "max": 1520.9616,
        "p(90)": 1154.05035,
        "p(95)": 1195.49036
      },
      "type": "trend"
    },
    "http_req_duration": {
      "type": "trend",
      "contains": "time",
      "values": {
        "p(95)": 243.70620000000005,
        "avg": 198.3833359236539,
        "min": 157.7785,
        "med": 190.1383,
        "max": 724.2309,
        "p(90)": 226.37458
      },
      "thresholds": {
        "p(95)<3000": {
          "ok": true
        }
      }
    },
    "http_req_receiving": {
      "type": "trend",
      "contains": "time",
      "values": {
        "p(95)": 4.558450000000001,
        "avg": 0.7878892978868445,
        "min": 0,
        "med": 0,
        "max": 12.0881,
        "p(90)": 2.617060000000001
      }
    },
    "vus_max": {
      "values": {
        "value": 5,
        "min": 5,
        "max": 5
      },
      "type": "gauge",
      "contains": "default"
    },
    "checks": {
      "type": "rate",
      "contains": "default",
      "values": {
        "rate": 1,
        "passes": 2934,
        "fails": 0
      }
    },
    "iterations": {
      "type": "counter",
      "contains": "default",
      "values": {
        "count": 60,
        "rate": 0.38447245402312114
      }
    },
    "http_req_duration{expected_response:true}": {
      "contains": "time",
      "values": {
        "p(95)": 243.70620000000005,
        "avg": 198.3833359236539,
        "min": 157.7785,
        "med": 190.1383,
        "max": 724.2309,
        "p(90)": 226.37458
      },
      "type": "trend"
    },
    "http_req_blocked": {
      "type": "trend",
      "contains": "time",
      "values": {
        "avg": 2.2234609406952974,
        "min": 0,
        "med": 0,
        "max": 161.3534,
        "p(90)": 0,
        "p(95)": 0
      }
    },
    "http_req_failed": {
      "type": "rate",
      "contains": "default",
      "values": {
        "rate": 0,
        "passes": 0,
        "fails": 1467
      },
      "thresholds": {
        "rate<0.01": {
          "ok": true
        }
      }
    },
    "data_received": {
      "type": "counter",
      "contains": "data",
      "values": {
        "rate": 3784.131681477167,
        "count": 590544
      }
    },
    "data_sent": {
      "type": "counter",
      "contains": "data",
      "values": {
        "count": 564259,
        "rate": 3615.7007072438714
      }
    },
    "http_reqs": {
      "type": "counter",
      "contains": "default",
      "values": {
        "count": 1467,
        "rate": 9.40035150086531
      }
    },
    "http_req_sending": {
      "type": "trend",
      "contains": "time",
      "values": {
        "p(90)": 0,
        "p(95)": 0,
        "avg": 2.430436537150648,
        "min": 0,
        "med": 0,
        "max": 288.8117
      }
    }
  },
  "setup_data": {
    "token": "eyJhbGciOiJIUzI1NiIsInR5cCI6IkpXVCJ9.eyJ0b2tlbl90eXBlIjoiYWNjZXNzIiwiZXhwIjoxNzgwMDA4ODcwLCJpYXQiOjE3Nzk5ODAwNzAsImp0aSI6ImM1YTJiODIzMWIwNDQ4MjQ4MmM1YjA2MjhhNDQxNGM5IiwidXNlcl9pZCI6MX0.7HmkSOceEurLC9Xs0hMWiz4cTlZ2DYvIopW9Akvt-PY"
  },
  "root_group": {
    "name": "",
    "path": "",
    "id": "d41d8cd98f00b204e9800998ecf8427e",
    "groups": [
      {
        "path": "::setup",
        "id": "5c0f8025f7e0b6654089e5b00e950f1a",
        "groups": [],
        "checks": [
            {
              "path": "::setup::login retorna 200",
              "id": "7532804b74fe8f73fd9dc1ce3f20382b",
              "passes": 1,
              "fails": 0,
              "name": "login retorna 200"
            },
            {
              "path": "::setup::login retorna token",
              "id": "5adec0853c7df96571918db3ecd2d5b3",
              "passes": 1,
              "fails": 0,
              "name": "login retorna token"
            }
          ],
        "name": "setup"
      },
      {
        "name": "health",
        "path": "::health",
        "id": "612cc1c9a7c3d7996d1eb6414fb9c69d",
        "groups": [],
        "checks": [
            {
              "name": "health: status 2xx",
              "path": "::health::health: status 2xx",
              "id": "3564f721fe16feb0f28fb25365f15c1b",
              "passes": 65,
              "fails": 0
            },
            {
              "name": "health: tempo < 3s",
              "path": "::health::health: tempo < 3s",
              "id": "64685bce9d1818718db981be5dab3894",
              "passes": 65,
              "fails": 0
            },
            {
              "id": "b414532fa14344c04ec890d8115c82cc",
              "passes": 65,
              "fails": 0,
              "name": "status: status 2xx",
              "path": "::health::status: status 2xx"
            },
            {
              "passes": 65,
              "fails": 0,
              "name": "status: tempo < 3s",
              "path": "::health::status: tempo < 3s",
              "id": "fed8a96e8726b3e966bb8b4c3732be3f"
            }
          ]
      },
      {
        "id": "4127c5b4ec4d84d8d6603b3aae632e90",
        "groups": [],
        "checks": [
            {
              "id": "961f320e8548db59a2d32a0be7be3e1f",
              "passes": 65,
              "fails": 0,
              "name": "dashboard/kpis: status 2xx",
              "path": "::dashboard::dashboard/kpis: status 2xx"
            },
            {
              "name": "dashboard/kpis: tempo < 3s",
              "path": "::dashboard::dashboard/kpis: tempo < 3s",
              "id": "cbe6a0d763066b3143fd5168860d6363",
              "passes": 65,
              "fails": 0
            },
            {
              "id": "e642ba7d0f7799a5943592b332a2b9a0",
              "passes": 65,
              "fails": 0,
              "name": "dashboard/projects: status 2xx",
              "path": "::dashboard::dashboard/projects: status 2xx"
            },
            {
              "name": "dashboard/projects: tempo < 3s",
              "path": "::dashboard::dashboard/projects: tempo < 3s",